Sequence_library	Sample_ID	Population	year	lat	long	species	region	species_v2
ddRAD_sam_april_2021	640-12-2	640	2019	29.5822333	-98.6926667	roem	RD-sympatry	roem
ddRAD_sam_april_2021	651-14	651	2019	30.567097	-96.213673	cusp	allopatry	cusp
ddRAD_sam_april_2021	651-15	651	2019	30.567097	-96.213673	cusp	allopatry	cusp
ddRAD_sam_april_2021	651-6	651	2019	30.567097	-96.213673	cusp	allopatry	cusp
ddRAD_sam_april_2021	652-10-1	652	2019	30.5466333	-96.5575	cusp	allopatry	cusp
ddRAD_sam_april_2021	652-11-1	652	2019	30.5466333	-96.5575	cusp	allopatry	cusp
ddRAD_sam_april_2021	652-13-1	652	2019	30.5466333	-96.5575	cusp	allopatry	cusp
ddRAD_sam_april_2021	652-16-1	652	2019	30.5466333	-96.5575	cusp	allopatry	cusp
ddRAD_sam_april_2021	652-24-1	652	2019	30.5466333	-96.5575	cusp	allopatry	cusp
ddRAD_sam_april_2021	652-29-2	652	2019	30.5466333	-96.5575	cusp	allopatry	cusp
ddRAD_sam_april_2021	654-7-1	654	2019	30.07125	-97.09005	cusp	CD-sympatry	cusp
ddRAD_sam_april_2021	656A-10	656A	2019	30.0852333	-96.9161667	drum	CD-sympatry	drum
ddRAD_sam_april_2021	656A-23-1	656A	2019	30.0852333	-96.9161667	drum	CD-sympatry	drum
ddRAD_sam_april_2021	656A-26-1	656A	2019	30.0852333	-96.9161667	drum	CD-sympatry	drum
ddRAD_sam_april_2021	656A-29-1	656A	2019	30.0852333	-96.9161667	drum	CD-sympatry	drum
ddRAD_sam_april_2021	656A-4	656A	2019	30.0852333	-96.9161667	drum	CD-sympatry	drum
ddRAD_sam_april_2021	659-20	659	2019	30.1048333	-97.29615	cusp	CD-sympatry	cusp
ddRAD_sam_april_2021	661-1-2	661	2019	30.0665023	-97.3526087	drum	CD-sympatry	drum
ddRAD_sam_april_2021	661-12-1	661	2019	30.0665023	-97.3526087	drum	CD-sympatry	drum
ddRAD_sam_april_2021	661-27-1	661	2019	30.0665023	-97.3526087	drum	CD-sympatry	drum
ddRAD_sam_april_2021	661-33-1	661	2019	30.0665023	-97.3526087	drum	CD-sympatry	drum
ddRAD_sam_april_2021	661-34-2	661	2019	30.0665023	-97.3526087	drum	CD-sympatry	drum
ddRAD_sam_april_2021	661-9-1	661	2019	30.0665023	-97.3526087	drum	CD-sympatry	drum
ddRAD_sam_april_2021	662-14-1	662	2019	30.0621514	-97.3502951	drum	CD-sympatry	drum
ddRAD_sam_april_2021	662-16-2	662	2019	30.0621514	-97.3502951	drum	CD-sympatry	drum
ddRAD_sam_april_2021	662-17	662	2019	30.0621514	-97.3502951	drum	CD-sympatry	drum
ddRAD_sam_april_2021	662-22-2	662	2019	30.0621514	-97.3502951	drum	CD-sympatry	drum
ddRAD_sam_april_2021	662-24-1	662	2019	30.0621514	-97.3502951	drum	CD-sympatry	drum
ddRAD_sam_april_2021	662-5-1	662	2019	30.0621514	-97.3502951	drum	CD-sympatry	drum
ddRAD_sam_april_2021	662-9-1	662	2019	30.0621514	-97.3502951	drum	CD-sympatry	drum
ddRAD_sam_april_2021	664-15-1	664	2019	30.116	-97.365	drum	CD-sympatry	drum
ddRAD_sam_april_2021	667-3	667	2019	29.528817	-96.441233	drum	CD-sympatry	drum
ddRAD_sam_april_2021	668-28	668	2019	29.680228	-96.584439	cusp	CD-sympatry	cusp
ddRAD_sam_april_2021	670-02	670	2019	29.4174167	-97.6808	drum	allopatry	drum
ddRAD_sam_april_2021	670-15	670	2019	29.4174167	-97.6808	drum	allopatry	drum
ddRAD_sam_april_2021	670-23	670	2019	29.4174167	-97.6808	drum	allopatry	drum
ddRAD_sam_april_2021	670-24	670	2019	29.4174167	-97.6808	drum	allopatry	drum
ddRAD_sam_april_2021	670-28	670	2019	29.4174167	-97.6808	drum	allopatry	drum
ddRAD_sam_april_2021	670-4	670	2019	29.4174167	-97.6808	drum	allopatry	drum
ddRAD_sam_april_2021	671-12-1	671	2019	29.4161	-97.70415	drum	allopatry	drum
ddRAD_sam_april_2021	671-14-1	671	2019	29.4161	-97.70415	drum	allopatry	drum
ddRAD_sam_april_2021	671-18	671	2019	29.4161	-97.70415	drum	allopatry	drum
ddRAD_sam_april_2021	673-23-30	673	2019	29.39921667	-97.74658333	drum	allopatry	drum
ddRAD_sam_april_2021	673-7	673	2019	29.39921667	-97.74658333	drum	allopatry	drum
ddRAD_sam_april_2021	675-6	675	2019	29.4024	-97.77451667	drum	allopatry	drum
ddRAD_sam_april_2021	676-1-1	676	2019	29.4689024	-97.8737457	drum	allopatry	drum
ddRAD_sam_april_2021	676-10-2	676	2019	29.4689024	-97.8737457	drum	allopatry	drum
ddRAD_sam_april_2021	676-9	676	2019	29.4689024	-97.8737457	drum	allopatry	drum
ddRAD_sam_april_2021	677-2-31	677	2019	28.842167	-97.845583	drum	allopatry	drum
ddRAD_sam_april_2021	677-3	677	2019	28.842167	-97.845583	drum	allopatry	drum
ddRAD_sam_april_2021	677-5	677	2019	28.842167	-97.845583	drum	allopatry	drum
ddRAD_sam_april_2021	677-9-30	677	2019	28.842167	-97.845583	drum	allopatry	drum
ddRAD_sam_april_2021	678-14-2	678	2019	29.2864167	-97.6241	drum	allopatry	drum
ddRAD_sam_april_2021	678-5-1	678	2019	29.2864167	-97.6241	drum	allopatry	drum
ddRAD_sam_april_2021	680A-17-1	680A	2019	29.7466167	-97.4097	drum	CD-sympatry	drum
ddRAD_sam_april_2021	680A-18-1	680A	2019	29.7466167	-97.4097	drum	CD-sympatry	drum
ddRAD_sam_april_2021	680A-6-8	680A	2019	29.7466167	-97.4097	drum	CD-sympatry	drum
ddRAD_sam_april_2021	680A-8	680A	2019	29.7466167	-97.4097	drum	CD-sympatry	drum
ddRAD_sam_april_2021	683-11	683	2019	29.5822333	-98.6926667	roem	RD-sympatry	roem
ddRAD_sam_april_2021	683-9	683	2019	29.5822333	-98.6926667	roem	RD-sympatry	roem
ddRAD_sam_april_2021	687-11-1	687	2019	31.1708	-100.5119	roem	allopatry	roem
ddRAD_sam_april_2021	687-4	687	2019	31.1708	-100.5119	roem	allopatry	roem
ddRAD_sam_april_2021	687-5	687	2019	31.1708	-100.5119	roem	allopatry	roem
ddRAD_sam_april_2021	689-13	689	2019	30.959172	-100.457004	roem	allopatry	roem
ddRAD_sam_april_2021	689-3	689	2019	30.959172	-100.457004	roem	allopatry	roem
ddRAD_sam_april_2021	690-3	690	2019	30.880867	-98.653667	drum	RD-sympatry	drum
ddRAD_sam_april_2021	693-11	693	2019	30.480633	-98.1982	roem	RD-sympatry	roem
ddRAD_sam_april_2021	693-12	693	2019	30.480633	-98.1982	roem	RD-sympatry	roem
ddRAD_sam_april_2021	693-13	693	2019	30.480633	-98.1982	roem	RD-sympatry	roem
ddRAD_sam_april_2021	693-15	693	2019	30.480633	-98.1982	roem	RD-sympatry	roem
ddRAD_sam_april_2021	693-6	693	2019	30.480633	-98.1982	roem	RD-sympatry	roem
ddRAD_sam_april_2021	693-7	693	2019	30.480633	-98.1982	roem	RD-sympatry	roem
ddRAD_sam_april_2021	693-9	693	2019	30.480633	-98.1982	roem	RD-sympatry	roem
ddRAD_sam_april_2021	653-6-1	653	2019	30.48061667	-96.76061667	cusp	CD-sympatry	cusp
ddRAD_sam_april_2021	693-10	693	2019	30.480633	-98.1982	roem	RD-sympatry	roem
ddRAD_sam_april_2021	647-12-1	647	2019	30.48061667	-96.76061667	cusp	CD-sympatry	cusp
ddRAD_sam_april_2021	652-8	652	2019	30.5466333	-96.5575	cusp	allopatry	cusp
ddRAD_sam_april_2021	661-8-1	661	2019	30.0665023	-97.3526087	drum	CD-sympatry	drum
ddRAD_sam_april_2021	670-2	670	2019	29.4174167	-97.6808	drum	allopatry	drum
ddRAD_sam_april_2021	671-13-1	671	2019	29.4161	-97.70415	drum	allopatry	drum
ddRAD_sam_april_2021	672-3-1	672	2019	29.41633333	-97.71911667	drum	allopatry	drum
ddRAD_sam_april_2021	687-18	687	2019	31.1708	-100.5119	roem	allopatry	roem
ddRAD_sam_april_2021	688-9-1	688	2019	31.029241	-100.479544	roem	allopatry	roem
ddRAD_sam_april_2021	689-9A	689	2019	30.959172	-100.457004	roem	allopatry	roem
ddRAD_sam_april_2021	692-1	692	2019	30.5497	-98.110483	drum	RD-sympatry	drum
ddRAD_sam_april_2021	692-9-1	692	2019	30.5497	-98.110483	drum	RD-sympatry	drum
ddRAD_sam_april_2021	640-2-1	640	2019	29.5822333	-98.6926667	roem	RD-sympatry	multi_admixed
ddRAD_sam_april_2021	640-4-1	640	2019	29.5822333	-98.6926667	roem	RD-sympatry	roem
ddRAD_sam_april_2021	640-6-1	640	2019	29.5822333	-98.6926667	roem	RD-sympatry	roem
ddRAD_sam_april_2021	647-15-1	647	2019	30.48061667	-96.76061667	cusp	CD-sympatry	cusp
ddRAD_sam_april_2021	651-4	651	2019	30.567097	-96.213673	cusp	allopatry	cusp
ddRAD_sam_april_2021	651-9-1	651	2019	30.567097	-96.213673	cusp	allopatry	cusp
ddRAD_sam_april_2021	652-18-1	652	2019	30.5466333	-96.5575	cusp	allopatry	cusp
ddRAD_sam_april_2021	652-6-1	652	2019	30.5466333	-96.5575	cusp	allopatry	cusp
ddRAD_sam_april_2021	653-15-1	653	2019	30.48061667	-96.76061667	cusp	CD-sympatry	cusp
ddRAD_sam_april_2021	653-4-1	653	2019	30.48061667	-96.76061667	cusp	CD-sympatry	cusp
ddRAD_sam_april_2021	653-7-1	653	2019	30.48061667	-96.76061667	cusp	CD-sympatry	cusp
ddRAD_sam_april_2021	654-18-1	654	2019	30.07125	-97.09005	cusp	CD-sympatry	cusp
ddRAD_sam_april_2021	654-22-1	654	2019	30.07125	-97.09005	cusp	CD-sympatry	cusp
ddRAD_sam_april_2021	654-38-1	654	2019	30.07125	-97.09005	cusp	CD-sympatry	cusp
ddRAD_sam_april_2021	656A-30	656A	2019	30.0852333	-96.9161667	drum	CD-sympatry	drum
ddRAD_sam_april_2021	656A-9	656A	2019	30.0852333	-96.9161667	drum	CD-sympatry	drum
ddRAD_sam_april_2021	659-2	659	2019	30.1048333	-97.29615	cusp	CD-sympatry	cusp
ddRAD_sam_april_2021	661-29-1	661	2019	30.0665023	-97.3526087	drum	CD-sympatry	drum
ddRAD_sam_april_2021	661-30-1	661	2019	30.0665023	-97.3526087	drum	CD-sympatry	drum
ddRAD_sam_april_2021	662-10-1	662	2019	30.0621514	-97.3502951	drum	CD-sympatry	drum
ddRAD_sam_april_2021	664-14-1	664	2019	30.116	-97.365	drum	CD-sympatry	drum
ddRAD_sam_april_2021	664-5-2	664	2019	30.116	-97.365	drum	CD-sympatry	drum
ddRAD_sam_april_2021	664-8-1	664	2019	30.116	-97.365	drum	CD-sympatry	drum
ddRAD_sam_april_2021	667-4	667	2019	29.528817	-96.441233	drum	CD-sympatry	drum
ddRAD_sam_april_2021	668-12-1	668	2019	29.680228	-96.584439	cusp	CD-sympatry	cusp
ddRAD_sam_april_2021	668-3-1	668	2019	29.680228	-96.584439	cusp	CD-sympatry	cusp
ddRAD_sam_april_2021	670-16	670	2019	29.4174167	-97.6808	drum	allopatry	drum
ddRAD_sam_april_2021	670-25-2	670	2019	29.4174167	-97.6808	drum	allopatry	drum
ddRAD_sam_april_2021	670-5	670	2019	29.4174167	-97.6808	drum	allopatry	drum
ddRAD_sam_april_2021	670-7	670	2019	29.4174167	-97.6808	drum	allopatry	drum
ddRAD_sam_april_2021	671-16-1	671	2019	29.4161	-97.70415	drum	allopatry	drum
ddRAD_sam_april_2021	671-17-1	671	2019	29.4161	-97.70415	drum	allopatry	drum
ddRAD_sam_april_2021	672-5-1	672	2019	29.41633333	-97.71911667	drum	allopatry	drum
ddRAD_sam_april_2021	673-9-30	673	2019	29.39921667	-97.74658333	drum	allopatry	drum
ddRAD_sam_april_2021	675-2	675	2019	29.4024	-97.77451667	drum	allopatry	cusp
ddRAD_sam_april_2021	676-21-2	676	2019	29.4689024	-97.8737457	drum	allopatry	drum
ddRAD_sam_april_2021	676-7-1	676	2019	29.4689024	-97.8737457	drum	allopatry	drum
ddRAD_sam_april_2021	678-1-1	678	2019	29.2864167	-97.6241	drum	allopatry	drum
ddRAD_sam_april_2021	680A-16-1	680A	2019	29.7466167	-97.4097	drum	CD-sympatry	drum
ddRAD_sam_april_2021	680B-4	680B	2019	29.7466167	-97.4097	cusp	CD-sympatry	cusp
ddRAD_sam_april_2021	683-12	683	2019	29.5822333	-98.6926667	roem	RD-sympatry	roem
ddRAD_sam_april_2021	683-13	683	2019	29.5822333	-98.6926667	roem	RD-sympatry	roem
ddRAD_sam_april_2021	689-7	689	2019	30.959172	-100.457004	roem	allopatry	roem
ddRAD_sam_april_2021	692-2-1	692	2019	30.5497	-98.110483	drum	RD-sympatry	drum
ddRAD_sam_april_2021	692-8-1	692	2019	30.5497	-98.110483	drum	RD-sympatry	drum
ddRAD_sam_april_2021	660-19-2	660	2019	30.1803833	-97.4207167	drum	CD-sympatry	drum
ddRAD_sam_april_2021	687-23-1	687	2019	31.1708	-100.5119	roem	allopatry	roem
ddRAD_sam_april_2021	692-6-1	692	2019	30.5497	-98.110483	drum	RD-sympatry	drum
ddRAD_sam_april_2021	640-10-1	640	2019	29.5822333	-98.6926667	roem	RD-sympatry	roem
ddRAD_sam_april_2021	647-4-1	647	2019	30.48061667	-96.76061667	cusp	CD-sympatry	cusp
ddRAD_sam_april_2021	652-12-1	652	2019	30.5466333	-96.5575	cusp	allopatry	cusp
ddRAD_sam_april_2021	652-14-1	652	2019	30.5466333	-96.5575	cusp	allopatry	cusp
ddRAD_sam_april_2021	652-19-1	652	2019	30.5466333	-96.5575	cusp	allopatry	cusp
ddRAD_sam_april_2021	652-23-1	652	2019	30.5466333	-96.5575	cusp	allopatry	cusp
ddRAD_sam_april_2021	654-6-2	654	2019	30.07125	-97.09005	cusp	CD-sympatry	cusp
ddRAD_sam_april_2021	656A-22	656A	2019	30.0852333	-96.9161667	drum	CD-sympatry	drum
ddRAD_sam_april_2021	660-6-1	660	2019	30.1803833	-97.4207167	drum	CD-sympatry	drum
ddRAD_sam_april_2021	661-42-1	661	2019	30.0665023	-97.3526087	drum	CD-sympatry	drum
ddRAD_sam_april_2021	666-6-1	666	2019	29.6023035	-96.1105307	cusp	allopatry	cusp_backcross
ddRAD_sam_april_2021	667-8-2	667	2019	29.528817	-96.441233	drum	CD-sympatry	drum
ddRAD_sam_april_2021	668-3	668	2019	29.680228	-96.584439	cusp	CD-sympatry	cusp
ddRAD_sam_april_2021	668-7-1	668	2019	29.680228	-96.584439	cusp	CD-sympatry	cusp
ddRAD_sam_april_2021	669-11-2	669	2019	29.965443	-96.885429	drum	CD-sympatry	drum
ddRAD_sam_april_2021	670-22	670	2019	29.4174167	-97.6808	drum	allopatry	drum
ddRAD_sam_april_2021	671-2-1	671	2019	29.4161	-97.70415	drum	allopatry	drum
ddRAD_sam_april_2021	673-15	673	2019	29.39921667	-97.74658333	drum	allopatry	drum
ddRAD_sam_april_2021	673-22	673	2019	29.39921667	-97.74658333	drum	allopatry	drum
ddRAD_sam_april_2021	676-4-1	676	2019	29.4689024	-97.8737457	drum	allopatry	drum
ddRAD_sam_april_2021	676-6-1	676	2019	29.4689024	-97.8737457	drum	allopatry	drum
ddRAD_sam_april_2021	680A-2-1	680A	2019	29.7466167	-97.4097	drum	CD-sympatry	drum
ddRAD_sam_april_2021	680A-5-1	680A	2019	29.7466167	-97.4097	drum	CD-sympatry	drum
ddRAD_sam_april_2021	685-2-30	685	2019	29.218909	-98.972419	drum	RD-sympatry	drum
ddRAD_sam_april_2021	687-1	687	2019	31.1708	-100.5119	roem	allopatry	roem
ddRAD_sam_april_2021	687-22	687	2019	31.1708	-100.5119	roem	allopatry	roem
ddRAD_sam_april_2021	687-9	687	2019	31.1708	-100.5119	roem	allopatry	roem
ddRAD_sam_april_2021	688-1-1	688	2019	31.029241	-100.479544	roem	allopatry	roem
ddRAD_sam_april_2021	689-8	689	2019	30.959172	-100.457004	roem	allopatry	roem
ddRAD_sam_april_2021	692-7-3	692	2019	30.5497	-98.110483	drum	RD-sympatry	drum
ddRAD_sam_april_2021	640-11-1	640	2019	29.5822333	-98.6926667	roem	RD-sympatry	roem
ddRAD_sam_april_2021	640-9-2	640	2019	29.5822333	-98.6926667	roem	RD-sympatry	roem
ddRAD_sam_april_2021	651-2-1	651	2019	30.567097	-96.213673	cusp	allopatry	cusp
ddRAD_sam_april_2021	651-8-1	651	2019	30.567097	-96.213673	cusp	allopatry	cusp_backcross
ddRAD_sam_april_2021	652-1	652	2019	30.5466333	-96.5575	cusp	allopatry	cusp
ddRAD_sam_april_2021	652-15-1	652	2019	30.5466333	-96.5575	cusp	allopatry	cusp
ddRAD_sam_april_2021	654-16-1	654	2019	30.07125	-97.09005	cusp	CD-sympatry	cusp
ddRAD_sam_april_2021	654-19-2	654	2019	30.07125	-97.09005	cusp	CD-sympatry	cusp
ddRAD_sam_april_2021	654-2-1	654	2019	30.07125	-97.09005	cusp	CD-sympatry	cusp
ddRAD_sam_april_2021	654-9-1	654	2019	30.07125	-97.09005	cusp	CD-sympatry	cusp
ddRAD_sam_april_2021	655-2	655	2019	30.1329577	-97.1006931	cusp	CD-sympatry	cusp
ddRAD_sam_april_2021	656A-17-1	656A	2019	30.0852333	-96.9161667	drum	CD-sympatry	drum
ddRAD_sam_april_2021	656A-31-2	656A	2019	30.0852333	-96.9161667	drum	CD-sympatry	drum
ddRAD_sam_april_2021	656A-8	656A	2019	30.0852333	-96.9161667	drum	CD-sympatry	drum
ddRAD_sam_april_2021	658-3-2	658	2019	30.01003333	-97.03588333	cusp	CD-sympatry	cusp
ddRAD_sam_april_2021	659-12-2	659	2019	30.1048333	-97.29615	cusp	CD-sympatry	cusp
ddRAD_sam_april_2021	659-23-1	659	2019	30.1048333	-97.29615	cusp	CD-sympatry	cusp
ddRAD_sam_april_2021	660-2-1	660	2019	30.1803833	-97.4207167	drum	CD-sympatry	drum
ddRAD_sam_april_2021	660-23-1	660	2019	30.1803833	-97.4207167	drum	CD-sympatry	drum
ddRAD_sam_april_2021	660-28-1	660	2019	30.1803833	-97.4207167	drum	CD-sympatry	drum
ddRAD_sam_april_2021	662-13-2	662	2019	30.0621514	-97.3502951	drum	CD-sympatry	drum
ddRAD_sam_april_2021	662-18-1	662	2019	30.0621514	-97.3502951	drum	CD-sympatry	drum
ddRAD_sam_april_2021	662-3-1	662	2019	30.0621514	-97.3502951	drum	CD-sympatry	drum
ddRAD_sam_april_2021	664-9-1	664	2019	30.116	-97.365	drum	CD-sympatry	drum
ddRAD_sam_april_2021	666-12-1	666	2019	29.6023035	-96.1105307	cusp	allopatry	cusp
ddRAD_sam_april_2021	668-15-1	668	2019	29.680228	-96.584439	cusp	CD-sympatry	cusp
ddRAD_sam_april_2021	668-4-1	668	2019	29.680228	-96.584439	cusp	CD-sympatry	cusp
ddRAD_sam_april_2021	669-12	669	2019	29.965443	-96.885429	drum	CD-sympatry	drum
ddRAD_sam_april_2021	669-31-1	669	2019	29.965443	-96.885429	drum	CD-sympatry	drum
ddRAD_sam_april_2021	669-4	669	2019	29.965443	-96.885429	drum	CD-sympatry	drum
ddRAD_sam_april_2021	670-10	670	2019	29.4174167	-97.6808	drum	allopatry	drum
ddRAD_sam_april_2021	670-20	670	2019	29.4174167	-97.6808	drum	allopatry	drum
ddRAD_sam_april_2021	672-6-1	672	2019	29.41633333	-97.71911667	drum	allopatry	drum
ddRAD_sam_april_2021	676-11-1	676	2019	29.4689024	-97.8737457	drum	allopatry	drum
ddRAD_sam_april_2021	676-19-1	676	2019	29.4689024	-97.8737457	drum	allopatry	drum
ddRAD_sam_april_2021	676-22-1	676	2019	29.4689024	-97.8737457	drum	allopatry	drum
ddRAD_sam_april_2021	678-13-1	678	2019	29.2864167	-97.6241	drum	allopatry	drum
ddRAD_sam_april_2021	678-20-1	678	2019	29.2864167	-97.6241	drum	allopatry	drum
ddRAD_sam_april_2021	678-21-1	678	2019	29.2864167	-97.6241	drum	allopatry	drum
ddRAD_sam_april_2021	678-3-1	678	2019	29.2864167	-97.6241	drum	allopatry	cusp_drum_f1
ddRAD_sam_april_2021	678-7-1	678	2019	29.2864167	-97.6241	drum	allopatry	drum
ddRAD_sam_april_2021	680A-4-1	680A	2019	29.7466167	-97.4097	drum	CD-sympatry	drum
ddRAD_sam_april_2021	680A-7-1	680A	2019	29.7466167	-97.4097	drum	CD-sympatry	drum
ddRAD_sam_april_2021	682-5-1	682	2019	29.7731	-98.2814833	roem	RD-sympatry	roem
ddRAD_sam_april_2021	687-6	687	2019	31.1708	-100.5119	roem	allopatry	cusp_roem_f1
ddRAD_sam_april_2021	690-10-03	690	2019	30.880867	-98.653667	drum	RD-sympatry	drum
ddRAD_sam_april_2021	690-20-1	690	2019	30.880867	-98.653667	drum	RD-sympatry	drum
ddRAD_sam_april_2021	693-1	693	2019	30.480633	-98.1982	roem	RD-sympatry	roem
ddRAD_sam_april_2021	693-3	693	2019	30.480633	-98.1982	roem	RD-sympatry	roem
ddRAD_sam_april_2021	640-7-1	640	2019	29.5822333	-98.6926667	roem	RD-sympatry	roem
ddRAD_sam_april_2021	647-5-1	647	2019	30.48061667	-96.76061667	cusp	CD-sympatry	cusp_backcross
ddRAD_sam_april_2021	647-7-1	647	2019	30.48061667	-96.76061667	cusp	CD-sympatry	cusp
ddRAD_sam_april_2021	651-7-1	651	2019	30.567097	-96.213673	cusp	allopatry	cusp
ddRAD_sam_april_2021	656A-25-1B	656A	2019	30.0852333	-96.9161667	drum	CD-sympatry	multi_admixed
ddRAD_sam_april_2021	656A-28-30	656A	2019	30.0852333	-96.9161667	drum	CD-sympatry	drum
ddRAD_sam_april_2021	659-14-1	659	2019	30.1048333	-97.29615	cusp	CD-sympatry	cusp
ddRAD_sam_april_2021	659-25	659	2019	30.1048333	-97.29615	cusp	CD-sympatry	cusp
ddRAD_sam_april_2021	660-21-1	660	2019	30.1803833	-97.4207167	drum	CD-sympatry	drum
ddRAD_sam_april_2021	666-1-1	666	2019	29.6023035	-96.1105307	cusp	allopatry	cusp
ddRAD_sam_april_2021	668-11-1	668	2019	29.680228	-96.584439	cusp	CD-sympatry	cusp
ddRAD_sam_april_2021	675-05	675	2019	29.4024	-97.77451667	drum	allopatry	drum
ddRAD_sam_april_2021	678-12-1	678	2019	29.2864167	-97.6241	drum	allopatry	drum
ddRAD_sam_april_2021	678-4-2	678	2019	29.2864167	-97.6241	drum	allopatry	drum
ddRAD_sam_april_2021	692-10-1	692	2019	30.5497	-98.110483	drum	RD-sympatry	drum
ddRAD_newdata_2022	790_2_1	790	2021	30.08153	-96.7728	cusp	CD-sympatry	cusp
ddRAD_newdata_2022	790_6_3	790	2021	30.08153	-96.7728	cusp	CD-sympatry	cusp
ddRAD_newdata_2022	790_9_2	790	2021	30.08153	-96.7728	cusp	CD-sympatry	cusp
ddRAD_newdata_2022	790_16_2	790	2021	30.08153	-96.7728	cusp	CD-sympatry	cusp
ddRAD_newdata_2022	790_22_2	790	2021	30.08153	-96.7728	cusp	CD-sympatry	cusp
ddRAD_newdata_2022	790_24_2	790	2021	30.08153	-96.7728	cusp	CD-sympatry	cusp
ddRAD_newdata_2022	790_25_2	790	2021	30.08153	-96.7728	cusp	CD-sympatry	cusp
ddRAD_newdata_2022	793_1_3	793	2021	30.79998	-95.89296	cusp	allopatry	cusp
ddRAD_newdata_2022	793_4_1	793	2021	30.79998	-95.89296	cusp	allopatry	cusp
ddRAD_newdata_2022	793_5_3	793	2021	30.79998	-95.89296	cusp	allopatry	cusp
ddRAD_newdata_2022	793_6_1	793	2021	30.79998	-95.89296	cusp	allopatry	cusp
ddRAD_newdata_2022	793_8_1	793	2021	30.79998	-95.89296	cusp	allopatry	cusp
ddRAD_newdata_2022	790_4_2	790	2021	30.08153	-96.7728	cusp	CD-sympatry	cusp
ddRAD_newdata_2022	790_18_3	790	2021	30.08153	-96.7728	cusp	CD-sympatry	cusp
ddRAD_newdata_2022	790_5_2	790	2021	30.08153	-96.7728	cusp	CD-sympatry	cusp
ddRAD_newdata_2022	790_14_3	790	2021	30.08153	-96.7728	cusp	CD-sympatry	cusp
ddRAD_newdata_2022	790_15_2	790	2021	30.08153	-96.7728	cusp	CD-sympatry	cusp
ddRAD_newdata_2022	790_23_1	790	2021	30.08153	-96.7728	cusp	CD-sympatry	cusp
ddRAD_newdata_2022	790_19_1	790	2021	30.08153	-96.7728	cusp	CD-sympatry	cusp
ddRAD_newdata_2022	793_10_3	793	2021	30.79998	-95.89296	cusp	allopatry	cusp
ddRAD_newdata_2022	793_12_3	793	2021	30.79998	-95.89296	cusp	allopatry	cusp
ddRAD_newdata_2022	793_15_1	793	2021	30.79998	-95.89296	cusp	allopatry	cusp
ddRAD_newdata_2022	793_20_3	793	2021	30.79998	-95.89296	cusp	allopatry	cusp
ddRAD_newdata_2022	793_27_3	793	2021	30.79998	-95.89296	cusp	allopatry	cusp
ddRAD_newdata_2022	790_8_1	790	2021	30.08153	-96.7728	cusp	CD-sympatry	cusp
ddRAD_newdata_2022	790_17_1	790	2021	30.08153	-96.7728	cusp	CD-sympatry	cusp
ddRAD_newdata_2022	798c_5_3	798C	2021	30.45717	-96.85098	cusp	CD-sympatry	cusp
ddRAD_newdata_2022	798c_6_2_1	798C	2021	30.45717	-96.85098	cusp	CD-sympatry	cusp
ddRAD_newdata_2022	798c_13_1	798C	2021	30.45717	-96.85098	cusp	CD-sympatry	cusp
ddRAD_newdata_2022	798c_15_1	798C	2021	30.45717	-96.85098	cusp	CD-sympatry	cusp
ddRAD_newdata_2022	798c_1_3	798C	2021	30.45717	-96.85098	cusp	CD-sympatry	cusp
ddRAD_newdata_2022	793_29_1	793	2021	30.79998	-95.89296	cusp	allopatry	cusp
ddRAD_newdata_2022	793_46_1	793	2021	30.79998	-95.89296	cusp	allopatry	cusp
ddRAD_newdata_2022	818_1_3	818	2021	30.02617	-96.00134	cusp	allopatry	cusp
ddRAD_newdata_2022	818_2_2	818	2021	30.02617	-96.00134	cusp	allopatry	cusp
ddRAD_newdata_2022	818_6_2	818	2021	30.02617	-96.00134	cusp	allopatry	cusp
ddRAD_newdata_2022	798c_3_1_1	798C	2021	30.45717	-96.85098	cusp	CD-sympatry	cusp
ddRAD_newdata_2022	798c_16_2	798C	2021	30.45717	-96.85098	cusp	CD-sympatry	cusp
ddRAD_newdata_2022	798c_17_2	798C	2021	30.45717	-96.85098	cusp	CD-sympatry	cusp
ddRAD_newdata_2022	798c_8_1	798C	2021	30.45717	-96.85098	cusp	CD-sympatry	cusp
ddRAD_newdata_2022	798c_11_1	798C	2021	30.45717	-96.85098	cusp	CD-sympatry	cusp
ddRAD_newdata_2022	798c_9_1	798C	2021	30.45717	-96.85098	cusp	CD-sympatry	cusp
ddRAD_newdata_2022	798c_12_2	798C	2021	30.45717	-96.85098	cusp	CD-sympatry	cusp
ddRAD_newdata_2022	818_7_1	818	2021	30.02617	-96.00134	cusp	allopatry	cusp
ddRAD_newdata_2022	818_9_3	818	2021	30.02617	-96.00134	cusp	allopatry	cusp
ddRAD_newdata_2022	768c_3_3	768C	2021	30.07125	-97.09005	cusp	CD-sympatry	cusp
ddRAD_newdata_2022	768c_15_3	768C	2021	30.07125	-97.09005	cusp	CD-sympatry	cusp
ddRAD_newdata_2022	768c_8_1	768C	2021	30.07125	-97.09005	cusp	CD-sympatry	cusp
ddRAD_newdata_2022	768c_1_2	768C	2021	30.07125	-97.09005	cusp	CD-sympatry	cusp
ddRAD_newdata_2022	768c_19_2	768C	2021	30.07125	-97.09005	cusp	CD-sympatry	cusp
ddRAD_newdata_2022	768c_14_3	768C	2021	30.07125	-97.09005	cusp	CD-sympatry	cusp
ddRAD_newdata_2022	791_5_2	791	2021	30.21343	-96.34973	cusp	allopatry	cusp
ddRAD_newdata_2022	791_7_2	791	2021	30.21343	-96.34973	cusp	allopatry	cusp
ddRAD_newdata_2022	801_5_1	801	2021	29.6023035	-96.1105307	cusp	allopatry	cusp
ddRAD_newdata_2022	795_22_1	795	2019	30.5466333	-96.5575	cusp	allopatry	cusp
ddRAD_newdata_2022	795_24_1	795	2019	30.5466333	-96.5575	cusp	allopatry	cusp
ddRAD_newdata_2022	768c_11_2	768C	2021	30.07125	-97.09005	cusp	CD-sympatry	cusp
ddRAD_newdata_2022	761c_26_2	761C	2021	29.7466167	-97.4097	cusp	CD-sympatry	cusp
ddRAD_newdata_2022	761c_24_1	761C	2021	29.7466167	-97.4097	cusp	CD-sympatry	cusp
ddRAD_newdata_2022	761c_30_3	761C	2021	29.7466167	-97.4097	cusp	CD-sympatry	cusp
ddRAD_newdata_2022	761c_38_3	761C	2021	29.7466167	-97.4097	cusp	CD-sympatry	cusp
ddRAD_newdata_2022	761c_42_2	761C	2021	29.7466167	-97.4097	cusp	CD-sympatry	cusp
ddRAD_newdata_2022	761c_27_2	761C	2021	29.7466167	-97.4097	cusp	CD-sympatry	cusp
ddRAD_newdata_2022	795_4_1	795	2019	30.5466333	-96.5575	cusp	allopatry	cusp
ddRAD_newdata_2022	795_6_2	795	2019	30.5466333	-96.5575	cusp	allopatry	cusp
ddRAD_newdata_2022	795_8_3	795	2019	30.5466333	-96.5575	cusp	allopatry	cusp
ddRAD_newdata_2022	795_10_2	795	2019	30.5466333	-96.5575	cusp	allopatry	cusp
ddRAD_newdata_2022	761c_16_3	761C	2021	29.7466167	-97.4097	cusp	CD-sympatry	cusp
ddRAD_newdata_2022	761c_53_2	761C	2021	29.7466167	-97.4097	cusp	CD-sympatry	cusp
ddRAD_newdata_2022	761c_17_2	761C	2021	29.7466167	-97.4097	cusp	CD-sympatry	cusp
ddRAD_newdata_2022	761c_48_1	761C	2021	29.7466167	-97.4097	cusp	CD-sympatry	cusp
ddRAD_newdata_2022	761c_8_1	761C	2021	29.7466167	-97.4097	cusp	CD-sympatry	cusp
ddRAD_newdata_2022	761c_55_1	761C	2021	29.7466167	-97.4097	cusp	CD-sympatry	cusp
ddRAD_newdata_2022	761c_5_3	761C	2021	29.7466167	-97.4097	cusp	CD-sympatry	cusp
ddRAD_newdata_2022	795_11_1	795	2019	30.5466333	-96.5575	cusp	allopatry	cusp
ddRAD_newdata_2022	795_12_1	795	2019	30.5466333	-96.5575	cusp	allopatry	cusp
ddRAD_newdata_2022	795_13_2	795	2019	30.5466333	-96.5575	cusp	allopatry	cusp
ddRAD_newdata_2022	725_3_1	725	2021	30.2292667	-99.422383	roem	RD-sympatry	roem
ddRAD_newdata_2022	761c_59_2	761C	2021	29.7466167	-97.4097	cusp	CD-sympatry	cusp
ddRAD_newdata_2022	725_7_1	725	2021	30.2292667	-99.422383	roem	RD-sympatry	roem
ddRAD_newdata_2022	725_29_1	725	2021	30.2292667	-99.422383	roem	RD-sympatry	roem
ddRAD_newdata_2022	725_32_1	725	2021	30.2292667	-99.422383	roem	RD-sympatry	roem
ddRAD_newdata_2022	725_41_1	725	2021	30.2292667	-99.422383	roem	RD-sympatry	roem
ddRAD_newdata_2022	740_6_1	740	2021	31.838222	-99.056347	roem	allopatry	roem
ddRAD_newdata_2022	740_15_1	740	2021	31.838222	-99.056347	roem	allopatry	roem
ddRAD_newdata_2022	740_16_1	740	2021	31.838222	-99.056347	roem	allopatry	roem
ddRAD_newdata_2022	740_20_1	740	2021	31.838222	-99.056347	roem	allopatry	roem
ddRAD_newdata_2022	740_22_1	740	2021	31.838222	-99.056347	roem	allopatry	roem
ddRAD_newdata_2022	702-2_9_1	702-2	2021	30.88674	-99.3464	roem	RD-sympatry	roem
ddRAD_newdata_2022	702-2_4_1	702-2	2021	30.88674	-99.3464	roem	RD-sympatry	roem
ddRAD_newdata_2022	745_11_1	745	2021	29.7731	-98.2814833	roem	RD-sympatry	roem
ddRAD_newdata_2022	745_6_1	745	2021	29.7731	-98.2814833	roem	RD-sympatry	roem
ddRAD_newdata_2022	708_4_1	708	2019	30.480633	-98.1982	roem	RD-sympatry	roem
ddRAD_newdata_2022	708_14_1	708	2019	30.480633	-98.1982	roem	RD-sympatry	roem
ddRAD_newdata_2022	708_19_1	708	2019	30.480633	-98.1982	roem	RD-sympatry	roem
ddRAD_newdata_2022	708_20_1	708	2019	30.480633	-98.1982	roem	RD-sympatry	roem
ddRAD_newdata_2022	708_26_1	708	2019	30.480633	-98.1982	roem	RD-sympatry	roem
ddRAD_newdata_2022	708_27_1	708	2019	30.480633	-98.1982	roem	RD-sympatry	roem
ddRAD_newdata_2022	708_32_1	708	2019	30.480633	-98.1982	roem	RD-sympatry	roem
ddRAD_newdata_2022	708_35_1	708	2019	30.480633	-98.1982	roem	RD-sympatry	roem
ddRAD_newdata_2022	708_47_1	708	2019	30.480633	-98.1982	roem	RD-sympatry	roem
ddRAD_newdata_2022	728_2_1	728	2021	29.94693333	-99.63416667	roem	RD-sympatry	roem
ddRAD_newdata_2022	728_5_1	728	2021	29.94693333	-99.63416667	roem	RD-sympatry	roem
ddRAD_newdata_2022	728_9_1	728	2021	29.94693333	-99.63416667	roem	RD-sympatry	roem
ddRAD_newdata_2022	728_11_1	728	2021	29.94693333	-99.63416667	roem	RD-sympatry	roem
ddRAD_newdata_2022	728_12_1	728	2021	29.94693333	-99.63416667	roem	RD-sympatry	roem
ddRAD_newdata_2022	728_26_1	728	2021	29.94693333	-99.63416667	roem	RD-sympatry	roem
ddRAD_newdata_2022	728_30_1	728	2021	29.94693333	-99.63416667	roem	RD-sympatry	roem
ddRAD_newdata_2022	728_34_1	728	2021	29.94693333	-99.63416667	roem	RD-sympatry	roem
ddRAD_newdata_2022	719_1_1	719	2019	31.029241	-100.479544	roem	allopatry	roem
ddRAD_newdata_2022	719_7_1	719	2019	31.029241	-100.479544	roem	allopatry	roem
ddRAD_newdata_2022	719_11_1	719	2019	31.029241	-100.479544	roem	allopatry	roem
ddRAD_newdata_2022	728_8_1	728	2021	29.94693333	-99.63416667	roem	RD-sympatry	roem
ddRAD_newdata_2022	728_22_1	728	2021	29.94693333	-99.63416667	roem	RD-sympatry	roem
ddRAD_newdata_2022	728_10_1	728	2021	29.94693333	-99.63416667	roem	RD-sympatry	roem
ddRAD_newdata_2022	728_14_1	728	2021	29.94693333	-99.63416667	roem	RD-sympatry	roem
ddRAD_newdata_2022	728_32_1	728	2021	29.94693333	-99.63416667	roem	RD-sympatry	roem
ddRAD_newdata_2022	728_33_1	728	2021	29.94693333	-99.63416667	roem	RD-sympatry	roem
ddRAD_newdata_2022	719_8_1	719	2019	31.029241	-100.479544	roem	allopatry	roem
ddRAD_newdata_2022	719_13_1	719	2019	31.029241	-100.479544	roem	allopatry	roem
ddRAD_newdata_2022	719_17_1	719	2019	31.029241	-100.479544	roem	allopatry	roem
ddRAD_newdata_2022	719_18_1	719	2019	31.029241	-100.479544	roem	allopatry	roem
ddRAD_newdata_2022	719_4_1	719	2019	31.029241	-100.479544	roem	allopatry	roem
ddRAD_newdata_2022	722_11_1	722	2021	30.66538333	-100.9535667	roem	allopatry	roem
ddRAD_newdata_2022	722_9_1	722	2021	30.66538333	-100.9535667	roem	allopatry	roem
ddRAD_newdata_2022	722_13_1	722	2021	30.66538333	-100.9535667	roem	allopatry	roem
ddRAD_newdata_2022	722_16_1	722	2021	30.66538333	-100.9535667	roem	allopatry	roem
ddRAD_newdata_2022	722_10	722	2021	30.66538333	-100.9535667	roem	allopatry	roem
ddRAD_newdata_2022	722_20	722	2021	30.66538333	-100.9535667	roem	allopatry	roem
ddRAD_newdata_2022	722_31	722	2021	30.66538333	-100.9535667	roem	allopatry	roem
ddRAD_newdata_2022	725_16	725	2021	30.2292667	-99.422383	roem	RD-sympatry	roem
ddRAD_newdata_2022	725_12	725	2021	30.2292667	-99.422383	roem	RD-sympatry	drum
ddRAD_newdata_2022	725_25	725	2021	30.2292667	-99.422383	roem	RD-sympatry	roem
ddRAD_newdata_2022	725_43	725	2021	30.2292667	-99.422383	roem	RD-sympatry	roem
ddRAD_newdata_2022	725_49_1	725	2021	30.2292667	-99.422383	roem	RD-sympatry	roem
ddRAD_newdata_2022	745_1	745	2021	29.7731	-98.2814833	roem	RD-sympatry	roem
ddRAD_newdata_2022	725_28_1	725	2021	30.2292667	-99.422383	roem	RD-sympatry	roem
ddRAD_newdata_2022	725_44_1	725	2021	30.2292667	-99.422383	roem	RD-sympatry	roem
ddRAD_newdata_2022	702-2_3_1	702-2	2021	30.88674	-99.3464	roem	RD-sympatry	roem
ddRAD_newdata_2022	702-2_6_1	702-2	2021	30.88674	-99.3464	roem	RD-sympatry	roem
ddRAD_newdata_2022	702-2_11_1	702-2	2021	30.88674	-99.3464	roem	RD-sympatry	roem
ddRAD_newdata_2022	702-2_15_1	702-2	2021	30.88674	-99.3464	roem	RD-sympatry	roem
ddRAD_newdata_2022	785_15_B	785	2021	30.272333	-98.841583	drum	RD-sympatry	drum
ddRAD_newdata_2022	798d_19_A	798D	2021	30.45717	-96.85098	drum	CD-sympatry	drum
ddRAD_newdata_2022	798_d9_B	798D	2021	30.45717	-96.85098	drum	CD-sympatry	drum
ddRAD_newdata_2022	798d_10_A	798D	2021	30.45717	-96.85098	drum	CD-sympatry	drum
ddRAD_newdata_2022	798d_14_A	798D	2021	30.45717	-96.85098	drum	CD-sympatry	drum
ddRAD_newdata_2022	798d_15	798D	2021	30.45717	-96.85098	drum	CD-sympatry	drum
ddRAD_newdata_2022	798d_16_C	798D	2021	30.45717	-96.85098	drum	CD-sympatry	drum
ddRAD_newdata_2022	798d_17_B	798D	2021	30.45717	-96.85098	drum	CD-sympatry	drum
ddRAD_newdata_2022	798d_18_B	798D	2021	30.45717	-96.85098	drum	CD-sympatry	drum
ddRAD_newdata_2022	798d_21_C	798D	2021	30.45717	-96.85098	drum	CD-sympatry	drum
ddRAD_newdata_2022	768_d13_C	768D	2021	30.07051	-97.08771	drum	CD-sympatry	drum
ddRAD_newdata_2022	768_d14_A	768D	2021	30.07051	-97.08771	drum	CD-sympatry	drum
ddRAD_newdata_2022	768_d16_A	768D	2021	30.07051	-97.08771	drum	CD-sympatry	drum
ddRAD_newdata_2022	768_d18_A	768D	2021	30.07051	-97.08771	drum	CD-sympatry	drum
ddRAD_newdata_2022	768_d20_A	768D	2021	30.07051	-97.08771	drum	CD-sympatry	drum
ddRAD_newdata_2022	768_d21_A	768D	2021	30.07051	-97.08771	drum	CD-sympatry	drum
ddRAD_newdata_2022	768_d22_C	768D	2021	30.07051	-97.08771	drum	CD-sympatry	drum
ddRAD_newdata_2022	768_d23_A	768D	2021	30.07051	-97.08771	drum	CD-sympatry	drum
ddRAD_newdata_2022	768_d24_C	768D	2021	30.07051	-97.08771	drum	CD-sympatry	drum
ddRAD_newdata_2022	768_d25_B	768D	2021	30.07051	-97.08771	drum	CD-sympatry	drum
ddRAD_newdata_2022	768_d26_B	768D	2021	30.07051	-97.08771	drum	CD-sympatry	drum
ddRAD_newdata_2022	768_d27_A	768D	2021	30.07051	-97.08771	drum	CD-sympatry	drum
ddRAD_newdata_2022	768_d28_A	768D	2021	30.07051	-97.08771	drum	CD-sympatry	drum
ddRAD_newdata_2022	785_10_B	785	2021	30.272333	-98.841583	drum	RD-sympatry	drum
ddRAD_newdata_2022	785_13_B	785	2021	30.272333	-98.841583	drum	RD-sympatry	drum
ddRAD_newdata_2022	785_5_A	785	2021	30.272333	-98.841583	drum	RD-sympatry	drum
ddRAD_newdata_2022	785_9	785	2021	30.272333	-98.841583	drum	RD-sympatry	drum
ddRAD_newdata_2022	787_02_B	787	2021	30.880867	-98.653667	drum	RD-sympatry	drum
ddRAD_newdata_2022	790_23_3	790	2021	30.08153	-96.7728	cusp	CD-sympatry	cusp
ddRAD_newdata_2022	798C_1_1	798C	2021	30.45717	-96.85098	cusp	CD-sympatry	cusp
ddRAD_newdata_2022	798C_18_1	798C	2021	30.45717	-96.85098	cusp	CD-sympatry	cusp
ddRAD_newdata_2022	768C_19_3	768C	2021	30.07125	-97.09005	cusp	CD-sympatry	cusp
ddRAD_newdata_2022	768C_9_3	768C	2021	30.07125	-97.09005	cusp	CD-sympatry	cusp
ddRAD_newdata_2022	761C_19_2	761C	2021	29.7466167	-97.4097	cusp	CD-sympatry	cusp
ddRAD_newdata_2022	761C_24_3	761C	2021	29.7466167	-97.4097	cusp	CD-sympatry	cusp
ddRAD_newdata_2022	761C_34_2	761C	2021	29.7466167	-97.4097	cusp	CD-sympatry	cusp
ddRAD_newdata_2022	793_8_2	793	2021	30.79998	-95.89296	cusp	allopatry	cusp
ddRAD_newdata_2022	791_6_2	791	2021	30.21343	-96.34973	cusp	allopatry	cusp
ddRAD_newdata_2022	791_10_1	791	2021	30.21343	-96.34973	cusp	allopatry	cusp
ddRAD_newdata_2022	795_2_2	795	2019	30.5466333	-96.5575	cusp	allopatry	cusp
ddRAD_newdata_2022	801_19_2	801	2021	29.6023035	-96.1105307	cusp	allopatry	cusp
ddRAD_newdata_2022	793_13_1	793	2021	30.79998	-95.89296	cusp	allopatry	cusp
ddRAD_newdata_2022	793_14_1	793	2021	30.79998	-95.89296	cusp	allopatry	cusp
ddRAD_newdata_2022	793_17_2	793	2021	30.79998	-95.89296	cusp	allopatry	cusp
ddRAD_newdata_2022	793_20_2	793	2021	30.79998	-95.89296	cusp	allopatry	cusp
ddRAD_newdata_2022	793_21_1	793	2021	30.79998	-95.89296	cusp	allopatry	cusp
ddRAD_newdata_2022	768C_9_1	768C	2021	30.07125	-97.09005	cusp	CD-sympatry	cusp
ddRAD_newdata_2022	768C_6_3	768C	2021	30.07125	-97.09005	cusp	CD-sympatry	cusp
ddRAD_newdata_2022	768C_10_3	768C	2021	30.07125	-97.09005	cusp	CD-sympatry	cusp
ddRAD_newdata_2022	761C_11_1	761C	2021	29.7466167	-97.4097	cusp	CD-sympatry	cusp
ddRAD_newdata_2022	761C_65_3	761C	2021	29.7466167	-97.4097	cusp	CD-sympatry	cusp
ddRAD_newdata_2022	761C_60_2	761C	2021	29.7466167	-97.4097	cusp	CD-sympatry	cusp
ddRAD_newdata_2022	745_18_1	745	2021	29.7731	-98.2814833	roem	RD-sympatry	roem
ddRAD_newdata_2022	745_4_1	745	2021	29.7731	-98.2814833	roem	RD-sympatry	roem
ddRAD_newdata_2022	745_8_1	745	2021	29.7731	-98.2814833	roem	RD-sympatry	roem
ddRAD_newdata_2022	745_14_1	745	2021	29.7731	-98.2814833	roem	RD-sympatry	roem
ddRAD_newdata_2022	745_13	745	2021	29.7731	-98.2814833	roem	RD-sympatry	roem
ddRAD_newdata_2022	745_2_1	745	2021	29.7731	-98.2814833	roem	RD-sympatry	roem
ddRAD_newdata_2022	745_17_1	745	2021	29.7731	-98.2814833	roem	RD-sympatry	roem
ddRAD_newdata_2022	740_7_1	740	2021	31.838222	-99.056347	roem	allopatry	roem
ddRAD_newdata_2022	740_8_1	740	2021	31.838222	-99.056347	roem	allopatry	roem
ddRAD_newdata_2022	740_10_1	740	2021	31.838222	-99.056347	roem	allopatry	roem
ddRAD_newdata_2022	740_11_1	740	2021	31.838222	-99.056347	roem	allopatry	roem
ddRAD_newdata_2022	740_14_1	740	2021	31.838222	-99.056347	roem	allopatry	roem
ddRAD_newdata_2022	740_19_1	740	2021	31.838222	-99.056347	roem	allopatry	roem
ddRAD_newdata_2022	740_30_1	740	2021	31.838222	-99.056347	roem	allopatry	roem
ddRAD_newdata_2022	740_35_1	740	2021	31.838222	-99.056347	roem	allopatry	roem
ddRAD_newdata_2022	740_39_1	740	2021	31.838222	-99.056347	roem	allopatry	roem
ddRAD_newdata_2022	744_8_1	744	2021	29.7731	-98.2814833	roem	RD-sympatry	roem
ddRAD_newdata_2022	744_11_1	744	2021	29.7731	-98.2814833	roem	RD-sympatry	roem
ddRAD_newdata_2022	744_5_1	744	2021	29.7731	-98.2814833	roem	RD-sympatry	roem
ddRAD_newdata_2022	725_27_1	725	2021	30.2292667	-99.422383	roem	RD-sympatry	roem
ddRAD_newdata_2022	725_39	725	2021	30.2292667	-99.422383	roem	RD-sympatry	roem
ddRAD_newdata_2022	725_26_1	725	2021	30.2292667	-99.422383	roem	RD-sympatry	roem
ddRAD_newdata_2022	725_42_1	725	2021	30.2292667	-99.422383	roem	RD-sympatry	roem
ddRAD_newdata_2022	702-2_14_1	702-2	2021	30.88674	-99.3464	roem	RD-sympatry	roem
ddRAD_newdata_2022	702-2_7_1	702-2	2021	30.88674	-99.3464	roem	RD-sympatry	roem
ddRAD_newdata_2022	785_12_B	785	2021	30.272333	-98.841583	drum	RD-sympatry	drum
ddRAD_newdata_2022	798d_03_B	798D	2021	30.45717	-96.85098	drum	CD-sympatry	drum
ddRAD_newdata_2022	798d_25_C	798D	2021	30.45717	-96.85098	drum	CD-sympatry	drum
ddRAD_newdata_2022	728_27_1	728	2021	29.94693333	-99.63416667	roem	RD-sympatry	roem
ddRAD_newdata_2022	728_6_1	728	2021	29.94693333	-99.63416667	roem	RD-sympatry	roem
ddRAD_newdata_2022	787_1_C	787	2021	30.880867	-98.653667	drum	RD-sympatry	drum
ddRAD_newdata_2022	787_10_B	787	2021	30.880867	-98.653667	drum	RD-sympatry	drum
ddRAD_newdata_2022	787_16_B	787	2021	30.880867	-98.653667	drum	RD-sympatry	drum
ddRAD_newdata_2022	787_18	787	2021	30.880867	-98.653667	drum	RD-sympatry	drum
ddRAD_newdata_2022	787_21_B	787	2021	30.880867	-98.653667	drum	RD-sympatry	drum
ddRAD_newdata_2022	787_22_A	787	2021	30.880867	-98.653667	drum	RD-sympatry	drum
ddRAD_newdata_2022	787_4_A	787	2021	30.880867	-98.653667	drum	RD-sympatry	drum
ddRAD_newdata_2022	793_11_3	793	2021	30.79998	-95.89296	cusp	allopatry	cusp
ddRAD_newdata_2022	790_18_1	790	2021	30.08153	-96.7728	cusp	CD-sympatry	cusp
ddRAD_newdata_2022	718_2_1	718	2019	29.5514933	-100.4045603	roem	allopatry	roem
ddRAD_newdata_2022	722_35_1	722	2021	30.66538333	-100.9535667	roem	allopatry	roem
ddRAD_newdata_2022	708_13_1	708	2019	30.480633	-98.1982	roem	RD-sympatry	roem
ddRAD_newdata_2022	708_42_1	708	2019	30.480633	-98.1982	roem	RD-sympatry	roem
ddRAD_newdata_2022	717_46_1	717	2021	30.79913333	-99.8322	roem	allopatry	roem
ddRAD_newdata_2022	717_28_2	717	2021	30.79913333	-99.8322	roem	allopatry	roem
ddRAD_newdata_2022	717_47_3	717	2021	30.79913333	-99.8322	roem	allopatry	roem
ddRAD_grace_2022	702-11	702	2021	30.9015	-99.2854	drum	RD-sympatry	NA
ddRAD_grace_2022	702-12	702	2021	30.9015	-99.2854	drum	RD-sympatry	NA
ddRAD_grace_2022	702-13	702	2021	30.9015	-99.2854	drum	RD-sympatry	NA
ddRAD_grace_2022	702-14	702	2021	30.9015	-99.2854	drum	RD-sympatry	NA
ddRAD_grace_2022	702-17	702	2021	30.9015	-99.2854	drum	RD-sympatry	NA
ddRAD_grace_2022	702-18_b	702	2021	30.9015	-99.2854	drum	RD-sympatry	NA
ddRAD_grace_2022	702-19	702	2021	30.9015	-99.2854	drum	RD-sympatry	NA
ddRAD_grace_2022	702-20	702	2021	30.9015	-99.2854	drum	RD-sympatry	NA
ddRAD_grace_2022	702-3	702	2021	30.9015	-99.2854	drum	RD-sympatry	NA
ddRAD_grace_2022	702-4	702	2021	30.9015	-99.2854	drum	RD-sympatry	NA
ddRAD_grace_2022	702-5	702	2021	30.9015	-99.2854	drum	RD-sympatry	NA
ddRAD_grace_2022	702-6	702	2021	30.9015	-99.2854	drum	RD-sympatry	NA
ddRAD_grace_2022	702-7	702	2021	30.9015	-99.2854	drum	RD-sympatry	NA
ddRAD_grace_2022	702-8	702	2021	30.9015	-99.2854	drum	RD-sympatry	NA
ddRAD_grace_2022	702-9	702	2021	30.9015	-99.2854	drum	RD-sympatry	NA
ddRAD_grace_2022	703-21	703	2021	30.80435	-99.3818	drum	RD-sympatry	NA
ddRAD_grace_2022	703-3	703	2021	30.80435	-99.3818	drum	RD-sympatry	NA
ddRAD_grace_2022	703-8	703	2021	30.80435	-99.3818	drum	RD-sympatry	NA
ddRAD_grace_2022	703-8_b	703	2021	30.80435	-99.3818	drum	RD-sympatry	NA
ddRAD_grace_2022	704-12	704	2021	30.78015	-99.06864	drum	RD-sympatry	NA
ddRAD_grace_2022	704-13	704	2021	30.78015	-99.06864	drum	RD-sympatry	NA
ddRAD_grace_2022	704-15	704	2021	30.78015	-99.06864	drum	RD-sympatry	NA
ddRAD_grace_2022	704-18	704	2021	30.78015	-99.06864	drum	RD-sympatry	NA
ddRAD_grace_2022	704-21	704	2021	30.78015	-99.06864	drum	RD-sympatry	NA
ddRAD_grace_2022	704-24	704	2021	30.78015	-99.06864	drum	RD-sympatry	NA
ddRAD_grace_2022	704-26	704	2021	30.78015	-99.06864	drum	RD-sympatry	NA
ddRAD_grace_2022	704-4	704	2021	30.78015	-99.06864	drum	RD-sympatry	NA
ddRAD_grace_2022	706-10	706	2021	30.68497	-98.54613	drum	RD-sympatry	NA
ddRAD_grace_2022	706-11	706	2021	30.68497	-98.54613	drum	RD-sympatry	NA
ddRAD_grace_2022	706-13	706	2021	30.68497	-98.54613	drum	RD-sympatry	NA
ddRAD_grace_2022	706-17	706	2021	30.68497	-98.54613	drum	RD-sympatry	NA
ddRAD_grace_2022	706-18	706	2021	30.68497	-98.54613	drum	RD-sympatry	NA
ddRAD_grace_2022	706-19	706	2021	30.68497	-98.54613	drum	RD-sympatry	NA
ddRAD_grace_2022	706-1	706	2021	30.68497	-98.54613	drum	RD-sympatry	NA
ddRAD_grace_2022	706-20	706	2021	30.68497	-98.54613	drum	RD-sympatry	NA
ddRAD_grace_2022	706-21	706	2021	30.68497	-98.54613	drum	RD-sympatry	NA
ddRAD_grace_2022	706-22	706	2021	30.68497	-98.54613	drum	RD-sympatry	NA
ddRAD_grace_2022	706-4	706	2021	30.68497	-98.54613	drum	RD-sympatry	NA
ddRAD_grace_2022	706-7	706	2021	30.68497	-98.54613	drum	RD-sympatry	NA
ddRAD_grace_2022	706-8	706	2021	30.68497	-98.54613	drum	RD-sympatry	NA
ddRAD_grace_2022	706-9	706	2021	30.68497	-98.54613	drum	RD-sympatry	NA
ddRAD_grace_2022	754-11	754	2021	29.2995	-97.81173	drum	allopatry	NA
ddRAD_grace_2022	754-11_b	754	2021	29.2995	-97.81173	drum	allopatry	NA
ddRAD_grace_2022	754-13	754	2021	29.2995	-97.81173	drum	allopatry	NA
ddRAD_grace_2022	754-15	754	2021	29.2995	-97.81173	drum	allopatry	NA
ddRAD_grace_2022	754-16	754	2021	29.2995	-97.81173	drum	allopatry	NA
ddRAD_grace_2022	754-17	754	2021	29.2995	-97.81173	drum	allopatry	NA
ddRAD_grace_2022	754-18	754	2021	29.2995	-97.81173	drum	allopatry	NA
ddRAD_grace_2022	754-21	754	2021	29.2995	-97.81173	drum	allopatry	NA
ddRAD_grace_2022	754-22	754	2021	29.2995	-97.81173	drum	allopatry	NA
ddRAD_grace_2022	754-23	754	2021	29.2995	-97.81173	drum	allopatry	NA
ddRAD_grace_2022	754-25	754	2021	29.2995	-97.81173	drum	allopatry	NA
ddRAD_grace_2022	754-3	754	2021	29.2995	-97.81173	drum	allopatry	NA
ddRAD_grace_2022	754-8	754	2021	29.2995	-97.81173	drum	allopatry	NA
ddRAD_grace_2022	754-9	754	2021	29.2995	-97.81173	drum	allopatry	NA
ddRAD_grace_2022	759-10	759	2021	29.29643	-97.7084	drum	allopatry	NA
ddRAD_grace_2022	759-12	759	2021	29.29643	-97.7084	drum	allopatry	NA
ddRAD_grace_2022	759-13	759	2021	29.29643	-97.7084	drum	allopatry	NA
ddRAD_grace_2022	759-15	759	2021	29.29643	-97.7084	drum	allopatry	NA
ddRAD_grace_2022	759-17	759	2021	29.29643	-97.7084	drum	allopatry	NA
ddRAD_grace_2022	759-18	759	2021	29.29643	-97.7084	drum	allopatry	NA
ddRAD_grace_2022	759-19	759	2021	29.29643	-97.7084	drum	allopatry	NA
ddRAD_grace_2022	759-21	759	2021	29.29643	-97.7084	drum	allopatry	NA
ddRAD_grace_2022	759-24	759	2021	29.29643	-97.7084	drum	allopatry	NA
ddRAD_grace_2022	759-2	759	2021	29.29643	-97.7084	drum	allopatry	NA
ddRAD_grace_2022	759-3_b	759	2021	29.29643	-97.7084	drum	allopatry	NA
ddRAD_grace_2022	759-4	759	2021	29.29643	-97.7084	drum	allopatry	NA
ddRAD_grace_2022	759-6	759	2021	29.29643	-97.7084	drum	allopatry	NA
ddRAD_grace_2022	759-7	759	2021	29.29643	-97.7084	drum	allopatry	NA
ddRAD_grace_2022	759-8	759	2021	29.29643	-97.7084	drum	allopatry	NA
ddRAD_grace_2022	761-11	761	2021	29.73935	-97.40975	drum	CD-sympatry	NA
ddRAD_grace_2022	761-12	761	2021	29.73935	-97.40975	drum	CD-sympatry	NA
ddRAD_grace_2022	761-1	761	2021	29.73935	-97.40975	drum	CD-sympatry	NA
ddRAD_grace_2022	761-21	761	2021	29.73935	-97.40975	drum	CD-sympatry	NA
ddRAD_grace_2022	761-22	761	2021	29.73935	-97.40975	drum	CD-sympatry	NA
ddRAD_grace_2022	761-24	761	2021	29.73935	-97.40975	drum	CD-sympatry	NA
ddRAD_grace_2022	761-27	761	2021	29.73935	-97.40975	drum	CD-sympatry	NA
ddRAD_grace_2022	761-4	761	2021	29.73935	-97.40975	drum	CD-sympatry	NA
ddRAD_grace_2022	761-6	761	2021	29.73935	-97.40975	drum	CD-sympatry	NA
ddRAD_grace_2022	761-7	761	2021	29.73935	-97.40975	drum	CD-sympatry	NA
ddRAD_grace_2022	761-8	761	2021	29.73935	-97.40975	drum	CD-sympatry	NA
ddRAD_grace_2022	761-9	761	2021	29.73935	-97.40975	drum	CD-sympatry	NA
ddRAD_grace_2022	764-12	764	2021	30.1049	-97.20428	drum	CD-sympatry	NA
ddRAD_grace_2022	764-13	764	2021	30.1049	-97.20428	drum	CD-sympatry	NA
ddRAD_grace_2022	764-14	764	2021	30.1049	-97.20428	drum	CD-sympatry	NA
ddRAD_grace_2022	764-15	764	2021	30.1049	-97.20428	drum	CD-sympatry	NA
ddRAD_grace_2022	764-16	764	2021	30.1049	-97.20428	drum	CD-sympatry	NA
ddRAD_grace_2022	764-1_b	764	2021	30.1049	-97.20428	drum	CD-sympatry	NA
ddRAD_grace_2022	764-24	764	2021	30.1049	-97.20428	drum	CD-sympatry	NA
ddRAD_grace_2022	764-25	764	2021	30.1049	-97.20428	drum	CD-sympatry	NA
ddRAD_grace_2022	764-29	764	2021	30.1049	-97.20428	drum	CD-sympatry	NA
ddRAD_grace_2022	764-3	764	2021	30.1049	-97.20428	drum	CD-sympatry	NA
ddRAD_grace_2022	764-7	764	2021	30.1049	-97.20428	drum	CD-sympatry	NA
ddRAD_grace_2022	764-8	764	2021	30.1049	-97.20428	drum	CD-sympatry	NA
ddRAD_grace_2022	769-10	769	2021	30.0174	-97.0564	drum	CD-sympatry	NA
ddRAD_grace_2022	769-12_b	769	2021	30.0174	-97.0564	drum	CD-sympatry	NA
ddRAD_grace_2022	769-15	769	2021	30.0174	-97.0564	drum	CD-sympatry	NA
ddRAD_grace_2022	769-1_b	769	2021	30.0174	-97.0564	drum	CD-sympatry	NA
ddRAD_grace_2022	769-20	769	2021	30.0174	-97.0564	drum	CD-sympatry	NA
ddRAD_grace_2022	769-23	769	2021	30.0174	-97.0564	drum	CD-sympatry	NA
ddRAD_grace_2022	769-23_b	769	2021	30.0174	-97.0564	drum	CD-sympatry	NA
ddRAD_grace_2022	769-5	769	2021	30.0174	-97.0564	drum	CD-sympatry	NA
ddRAD_grace_2022	770-11	770	2021	30.20049	-97.3613	drum	CD-sympatry	NA
ddRAD_grace_2022	770-13	770	2021	30.20049	-97.3613	drum	CD-sympatry	NA
ddRAD_grace_2022	770-16	770	2021	30.20049	-97.3613	drum	CD-sympatry	NA
ddRAD_grace_2022	770-1	770	2021	30.20049	-97.3613	drum	CD-sympatry	NA
ddRAD_grace_2022	770-20	770	2021	30.20049	-97.3613	drum	CD-sympatry	NA
ddRAD_grace_2022	770-2	770	2021	30.20049	-97.3613	drum	CD-sympatry	NA
ddRAD_grace_2022	770-3	770	2021	30.20049	-97.3613	drum	CD-sympatry	NA
ddRAD_grace_2022	770-4	770	2021	30.20049	-97.3613	drum	CD-sympatry	NA
ddRAD_grace_2022	770-5	770	2021	30.20049	-97.3613	drum	CD-sympatry	NA
ddRAD_grace_2022	770-7	770	2021	30.20049	-97.3613	drum	CD-sympatry	NA
ddRAD_grace_2022	777-13	777	2021	29.22622	-98.63646	drum	allopatry	NA
ddRAD_grace_2022	777-14	777	2021	29.22622	-98.63646	drum	allopatry	NA
ddRAD_grace_2022	777-15	777	2021	29.22622	-98.63646	drum	allopatry	NA
ddRAD_grace_2022	777-18	777	2021	29.22622	-98.63646	drum	allopatry	NA
ddRAD_grace_2022	777-19	777	2021	29.22622	-98.63646	drum	allopatry	NA
ddRAD_grace_2022	777-20	777	2021	29.22622	-98.63646	drum	allopatry	NA
ddRAD_grace_2022	777-21	777	2021	29.22622	-98.63646	drum	allopatry	NA
ddRAD_grace_2022	777-21_b	777	2021	29.22622	-98.63646	drum	allopatry	NA
ddRAD_grace_2022	777-22	777	2021	29.22622	-98.63646	drum	allopatry	NA
ddRAD_grace_2022	777-22_b	777	2021	29.22622	-98.63646	drum	allopatry	NA
ddRAD_grace_2022	777-23	777	2021	29.22622	-98.63646	drum	allopatry	NA
ddRAD_grace_2022	777-4	777	2021	29.22622	-98.63646	drum	allopatry	NA
ddRAD_grace_2022	778-11	778	2021	29.02658	-98.48171	drum	allopatry	NA
ddRAD_grace_2022	778-15	778	2021	29.02658	-98.48171	drum	allopatry	NA
ddRAD_grace_2022	778-16	778	2021	29.02658	-98.48171	drum	allopatry	NA
ddRAD_grace_2022	778-18	778	2021	29.02658	-98.48171	drum	allopatry	NA
ddRAD_grace_2022	778-1	778	2021	29.02658	-98.48171	drum	allopatry	NA
ddRAD_grace_2022	778-2	778	2021	29.02658	-98.48171	drum	allopatry	NA
ddRAD_grace_2022	778-9	778	2021	29.02658	-98.48171	drum	allopatry	NA
ddRAD_grace_2022	780-12	780	2021	29.01691	-98.04828	drum	allopatry	NA
ddRAD_grace_2022	780-14	780	2021	29.01691	-98.04828	drum	allopatry	NA
ddRAD_grace_2022	780-23	780	2021	29.01691	-98.04828	drum	allopatry	NA
ddRAD_grace_2022	780-24	780	2021	29.01691	-98.04828	drum	allopatry	NA
ddRAD_grace_2022	780-25	780	2021	29.01691	-98.04828	drum	allopatry	NA
ddRAD_grace_2022	780-2	780	2021	29.01691	-98.04828	drum	allopatry	NA
ddRAD_grace_2022	780-5	780	2021	29.01691	-98.04828	drum	allopatry	NA
ddRAD_grace_2022	780-6	780	2021	29.01691	-98.04828	drum	allopatry	NA
ddRAD_grace_2022	780-7	780	2021	29.01691	-98.04828	drum	allopatry	NA
ddRAD_grace_2022	780-8	780	2021	29.01691	-98.04828	drum	allopatry	NA
ddRAD_grace_2022	784-10	784	2021	30.29176	-98.54003	drum	RD-sympatry	NA
ddRAD_grace_2022	784-16	784	2021	30.29176	-98.54003	drum	RD-sympatry	NA
ddRAD_grace_2022	784-9	784	2021	30.29176	-98.54003	drum	RD-sympatry	NA
ddRAD_grace_2022	785-14	785	2021	30.272333	-98.841583	drum	RD-sympatry	NA
ddRAD_grace_2022	786-13	786	2021	30.72293	-96.82202	drum	CD-sympatry	NA
ddRAD_grace_2022	786-14	786	2021	30.72293	-96.82202	drum	CD-sympatry	NA
ddRAD_grace_2022	786-17	786	2021	30.72293	-96.82202	drum	CD-sympatry	NA
ddRAD_grace_2022	786-21	786	2021	30.72293	-96.82202	drum	CD-sympatry	NA
ddRAD_grace_2022	786-25	786	2021	30.72293	-96.82202	drum	CD-sympatry	NA
ddRAD_grace_2022	786-26	786	2021	30.72293	-96.82202	drum	CD-sympatry	NA
ddRAD_grace_2022	786-3	786	2021	30.72293	-96.82202	drum	CD-sympatry	NA
ddRAD_grace_2022	786-4	786	2021	30.72293	-96.82202	drum	CD-sympatry	NA
ddRAD_grace_2022	786-4_b	786	2021	30.72293	-96.82202	drum	CD-sympatry	NA
ddRAD_grace_2022	786-5	786	2021	30.72293	-96.82202	drum	CD-sympatry	NA
ddRAD_grace_2022	786-6	786	2021	30.72293	-96.82202	drum	CD-sympatry	NA
ddRAD_grace_2022	786-7	786	2021	30.72293	-96.82202	drum	CD-sympatry	NA
ddRAD_grace_2022	787-21	787	2021	30.880867	-98.653667	drum	RD-sympatry	NA
ddRAD_grace_2022	787-4	787	2021	30.880867	-98.653667	drum	RD-sympatry	NA
ddRAD_grace_2022	794-11	794	2021	30.48	-96.45144	drum	CD-sympatry	NA
ddRAD_grace_2022	794-13	794	2021	30.48	-96.45144	drum	CD-sympatry	NA
ddRAD_grace_2022	794-14	794	2021	30.48	-96.45144	drum	CD-sympatry	NA
ddRAD_grace_2022	794-15	794	2021	30.48	-96.45144	drum	CD-sympatry	NA
ddRAD_grace_2022	794-1	794	2021	30.48	-96.45144	drum	CD-sympatry	NA
ddRAD_grace_2022	794-20	794	2021	30.48	-96.45144	drum	CD-sympatry	NA
ddRAD_grace_2022	794-22	794	2021	30.48	-96.45144	drum	CD-sympatry	NA
ddRAD_grace_2022	794-23	794	2021	30.48	-96.45144	drum	CD-sympatry	NA
ddRAD_grace_2022	794-23_b	794	2021	30.48	-96.45144	drum	CD-sympatry	NA
ddRAD_grace_2022	794-2	794	2021	30.48	-96.45144	drum	CD-sympatry	NA
ddRAD_grace_2022	794-3	794	2021	30.48	-96.45144	drum	CD-sympatry	NA
ddRAD_grace_2022	794-4	794	2021	30.48	-96.45144	drum	CD-sympatry	NA
ddRAD_grace_2022	794-8	794	2021	30.48	-96.45144	drum	CD-sympatry	NA
ddRAD_grace_2022	794-9	794	2021	30.48	-96.45144	drum	CD-sympatry	NA
ddRAD_grace_2022	797-10	797	2021	30.40986	-96.81518	drum	CD-sympatry	NA
ddRAD_grace_2022	797-13	797	2021	30.40986	-96.81518	drum	CD-sympatry	NA
ddRAD_grace_2022	797-14	797	2021	30.40986	-96.81518	drum	CD-sympatry	NA
ddRAD_grace_2022	797-20	797	2021	30.40986	-96.81518	drum	CD-sympatry	NA
ddRAD_grace_2022	797-21	797	2021	30.40986	-96.81518	drum	CD-sympatry	NA
ddRAD_grace_2022	797-22	797	2021	30.40986	-96.81518	drum	CD-sympatry	NA
ddRAD_grace_2022	797-25	797	2021	30.40986	-96.81518	drum	CD-sympatry	NA
ddRAD_grace_2022	797-3	797	2021	30.40986	-96.81518	drum	CD-sympatry	NA
ddRAD_grace_2022	800-11	800	2021	29.52881	-96.44123	drum	CD-sympatry	NA
ddRAD_grace_2022	800-14	800	2021	29.52881	-96.44123	drum	CD-sympatry	NA
ddRAD_grace_2022	800-15	800	2021	29.52881	-96.44123	drum	CD-sympatry	NA
ddRAD_grace_2022	800-17	800	2021	29.52881	-96.44123	drum	CD-sympatry	NA
ddRAD_grace_2022	800-1	800	2021	29.52881	-96.44123	drum	CD-sympatry	NA
ddRAD_grace_2022	800-21	800	2021	29.52881	-96.44123	drum	CD-sympatry	NA
ddRAD_grace_2022	800-23	800	2021	29.52881	-96.44123	drum	CD-sympatry	NA
ddRAD_grace_2022	800-2	800	2021	29.52881	-96.44123	drum	CD-sympatry	NA
ddRAD_grace_2022	800-3	800	2021	29.52881	-96.44123	drum	CD-sympatry	NA
ddRAD_grace_2022	800-4	800	2021	29.52881	-96.44123	drum	CD-sympatry	NA
ddRAD_grace_2022	800-6	800	2021	29.52881	-96.44123	drum	CD-sympatry	NA
ddRAD_grace_2022	800-7	800	2021	29.52881	-96.44123	drum	CD-sympatry	NA
ddRAD_grace_2022	800-8	800	2021	29.52881	-96.44123	drum	CD-sympatry	NA
ddRAD_grace_2022	802-10	802	2021	29.71848	-96.8887	drum	CD-sympatry	NA
ddRAD_grace_2022	802-11	802	2021	29.71848	-96.8887	drum	CD-sympatry	NA
ddRAD_grace_2022	802-12	802	2021	29.71848	-96.8887	drum	CD-sympatry	NA
ddRAD_grace_2022	802-14	802	2021	29.71848	-96.8887	drum	CD-sympatry	NA
ddRAD_grace_2022	802-15	802	2021	29.71848	-96.8887	drum	CD-sympatry	NA
ddRAD_grace_2022	802-17	802	2021	29.71848	-96.8887	drum	CD-sympatry	NA
ddRAD_grace_2022	802-19	802	2021	29.71848	-96.8887	drum	CD-sympatry	NA
ddRAD_grace_2022	802-1	802	2021	29.71848	-96.8887	drum	CD-sympatry	NA
ddRAD_grace_2022	802-6	802	2021	29.71848	-96.8887	drum	CD-sympatry	NA
ddRAD_grace_2022	802-7	802	2021	29.71848	-96.8887	drum	CD-sympatry	NA
ddRAD_grace_2022	802-8	802	2021	29.71848	-96.8887	drum	CD-sympatry	NA
ddRAD_grace_2022	802-9	802	2021	29.71848	-96.8887	drum	CD-sympatry	NA
ddRAD_grace_2022	804-11	804	2021	32.39033	-97.66846	drum	unassigned	NA
ddRAD_grace_2022	804-14	804	2021	32.39033	-97.66846	drum	unassigned	NA
ddRAD_grace_2022	804-17	804	2021	32.39033	-97.66846	drum	unassigned	NA
ddRAD_grace_2022	804-18	804	2021	32.39033	-97.66846	drum	unassigned	NA
ddRAD_grace_2022	804-19	804	2021	32.39033	-97.66846	drum	unassigned	NA
ddRAD_grace_2022	804-20	804	2021	32.39033	-97.66846	drum	unassigned	NA
ddRAD_grace_2022	804-21	804	2021	32.39033	-97.66846	drum	unassigned	NA
ddRAD_grace_2022	804-23	804	2021	32.39033	-97.66846	drum	unassigned	NA
ddRAD_grace_2022	804-24	804	2021	32.39033	-97.66846	drum	unassigned	NA
ddRAD_grace_2022	804-2	804	2021	32.39033	-97.66846	drum	unassigned	NA
ddRAD_grace_2022	804-3	804	2021	32.39033	-97.66846	drum	unassigned	NA
ddRAD_grace_2022	804-5	804	2021	32.39033	-97.66846	drum	unassigned	NA
ddRAD_grace_2022	807-11	807	2021	29.98536	-96.22729	drum	CD-sympatry	NA
ddRAD_grace_2022	807-12	807	2021	29.98536	-96.22729	drum	CD-sympatry	NA
ddRAD_grace_2022	807-13	807	2021	29.98536	-96.22729	drum	CD-sympatry	NA
ddRAD_grace_2022	807-15	807	2021	29.98536	-96.22729	drum	CD-sympatry	NA
ddRAD_grace_2022	807-21	807	2021	29.98536	-96.22729	drum	CD-sympatry	NA
ddRAD_grace_2022	807-22	807	2021	29.98536	-96.22729	drum	CD-sympatry	NA
ddRAD_grace_2022	807-23	807	2021	29.98536	-96.22729	drum	CD-sympatry	NA
ddRAD_grace_2022	807-2	807	2021	29.98536	-96.22729	drum	CD-sympatry	NA
ddRAD_grace_2022	807-3	807	2021	29.98536	-96.22729	drum	CD-sympatry	NA
ddRAD_grace_2022	807-4	807	2021	29.98536	-96.22729	drum	CD-sympatry	NA
ddRAD_grace_2022	807-6	807	2021	29.98536	-96.22729	drum	CD-sympatry	NA
ddRAD_grace_2022	807-8	807	2021	29.98536	-96.22729	drum	CD-sympatry	NA
ddRAD_grace_2022	812-10	812	2021	29.16231	-99.00615	drum	RD-sympatry	NA
ddRAD_grace_2022	812-10_b	812	2021	29.16231	-99.00615	drum	RD-sympatry	NA
ddRAD_grace_2022	812-13	812	2021	29.16231	-99.00615	drum	RD-sympatry	NA
ddRAD_grace_2022	812-18	812	2021	29.16231	-99.00615	drum	RD-sympatry	NA
ddRAD_grace_2022	812-22	812	2021	29.16231	-99.00615	drum	RD-sympatry	NA
ddRAD_grace_2022	817-15	817	2021	30.04617	-96.01912	drum	CD-sympatry	NA
ddRAD_grace_2022	817-18	817	2021	30.04617	-96.01912	drum	CD-sympatry	NA
ddRAD_grace_2022	817-19	817	2021	30.04617	-96.01912	drum	CD-sympatry	NA
ddRAD_grace_2022	817-1	817	2021	30.04617	-96.01912	drum	CD-sympatry	NA
ddRAD_grace_2022	817-21	817	2021	30.04617	-96.01912	drum	CD-sympatry	NA
ddRAD_grace_2022	817-25	817	2021	30.04617	-96.01912	drum	CD-sympatry	NA
ddRAD_grace_2022	817-2	817	2021	30.04617	-96.01912	drum	CD-sympatry	NA
ddRAD_grace_2022	817-3	817	2021	30.04617	-96.01912	drum	CD-sympatry	NA
ddRAD_grace_2022	817-4	817	2021	30.04617	-96.01912	drum	CD-sympatry	NA
ddRAD_grace_2022	817-5	817	2021	30.04617	-96.01912	drum	CD-sympatry	NA
ddRAD_grace_2022	817-8	817	2021	30.04617	-96.01912	drum	CD-sympatry	NA
ddRAD_grace_2022	817-9	817	2021	30.04617	-96.01912	drum	CD-sympatry	NA
ddRAD_grace_2022	830-10	830	2021	28.72115	-97.38688	drum	allopatry	NA
ddRAD_grace_2022	830-11	830	2021	28.72115	-97.38688	drum	allopatry	NA
ddRAD_grace_2022	830-12	830	2021	28.72115	-97.38688	drum	allopatry	NA
ddRAD_grace_2022	830-15	830	2021	28.72115	-97.38688	drum	allopatry	NA
ddRAD_grace_2022	830-20	830	2021	28.72115	-97.38688	drum	allopatry	NA
ddRAD_grace_2022	830-21	830	2021	28.72115	-97.38688	drum	allopatry	NA
ddRAD_grace_2022	830-22	830	2021	28.72115	-97.38688	drum	allopatry	NA
ddRAD_grace_2022	830-23	830	2021	28.72115	-97.38688	drum	allopatry	NA
ddRAD_grace_2022	830-24	830	2021	28.72115	-97.38688	drum	allopatry	NA
ddRAD_grace_2022	830-4	830	2021	28.72115	-97.38688	drum	allopatry	NA
ddRAD_grace_2022	830-6	830	2021	28.72115	-97.38688	drum	allopatry	NA
ddRAD_grace_2022	830-7	830	2021	28.72115	-97.38688	drum	allopatry	NA
ddRAD_grace_2022	831-13	831	2021	29.8609	-97.58878	drum	CD-sympatry	NA
ddRAD_grace_2022	831-16	831	2021	29.8609	-97.58878	drum	CD-sympatry	NA
ddRAD_grace_2022	831-17	831	2021	29.8609	-97.58878	drum	CD-sympatry	NA
ddRAD_grace_2022	831-19	831	2021	29.8609	-97.58878	drum	CD-sympatry	NA
ddRAD_grace_2022	831-21	831	2021	29.8609	-97.58878	drum	CD-sympatry	NA
ddRAD_grace_2022	831-22	831	2021	29.8609	-97.58878	drum	CD-sympatry	NA
ddRAD_grace_2022	831-3	831	2021	29.8609	-97.58878	drum	CD-sympatry	NA
ddRAD_grace_2022	831-5	831	2021	29.8609	-97.58878	drum	CD-sympatry	NA
ddRAD_grace_2022	831-6	831	2021	29.8609	-97.58878	drum	CD-sympatry	NA
ddrad_eastphlox	P_pilosa_pilosa_1704_01	pil_pil_01	NA	30.776288	-81.973344	pilo	NA	NA
ddrad_eastphlox	P_pilosa_pilosa_1708_08	pil_pil_02	NA	30.803303	-83.529067	pilo	NA	NA
ddrad_eastphlox	P_pilosa_pilosa_1710_13	pil_pil_03	NA	30.495532	-83.432587	pilo	NA	NA
ddrad_eastphlox	P_pilosa_pilosa_1712_01	pil_pil_04	NA	30.915467	-89.906109	pilo	NA	NA
ddrad_eastphlox	P_pilosa_pilosa_1713_08	pil_pil_05	NA	32.218893	-89.379136	pilo	NA	NA
ddrad_eastphlox	P_pilosa_pilosa_1714_07	pil_pil_06	NA	31.788445	-86.870979	pilo	NA	NA
ddrad_eastphlox	P_pilosa_pilosa_1718_20	pil_pil_07	NA	34.627986	-88.138683	pilo	NA	NA
ddrad_eastphlox	P_pilosa_pilosa_1722_12	pil_pil_08	NA	36.499506	-88.105242	pilo	NA	NA
ddrad_eastphlox	P_pilosa_pilosa_1728_07	pil_pil_09	NA	35.94396	-88.043306	pilo	NA	NA
ddrad_eastphlox	P_pilosa_pilosa_1729_22	pil_pil_10	NA	35.924864	-88.037497	pilo	NA	NA
ddrad_eastphlox	P_pilosa_pilosa_538L	pil_pil_unk	NA	NA	NA	pilo	NA	NA
ddrad_eastphlox	P_pilosa_pilosa_OPGC-3952	pil_pil_unk	NA	NA	NA	pilo	NA	NA
ddrad_eastphlox	P_pilosa_pilosa_OPGC-3954	pil_pil_unk	NA	NA	NA	pilo	NA	NA
